{
"lengthUnit": "mil",
"components": {
	"fields": ["COMPONENT_NO", "COMPONENT_NAME", "LAYER", "X_COORDINATE", "Y_COORDINATE", "ANGLE"],
	"rows": [
		[1, "Alimentacion", "T", 3000, 118.11, 0],
		[2, "Botones", "T", 1830, 118.11, 0],
		[3, "BtnManual", "T", 3605, 1960, 0],
		[4, "BtnMemoria1", "T", 825, 629.92, 180],
		[5, "BtnMemoria2", "T", 1815, 629.92, 180],
		[6, "BtnMemoria3", "T", 2955, 629.92, 180],
		[7, "BUZZER1", "T", 3600, 2570, 0],
		[8, "Display", "T", 830, 118.11, 0],
		[9, "R1", "T", 3590, 1430, 180],
		[10, "R2", "T", 1275, 675, 90],
		[11, "R3", "T", 2415, 675, 90],
		[12, "R4", "T", 3525, 680, 90],
		[13, "U1", "T", 285, 2815, 0]
	]
},
"pins": {
	"fields": ["PIN_NO", "PIN_NAME", "PIN_X", "PIN_Y", "LAYER", "PIN_TYPE", "NET_NAME", "NET_TYPE", "PAD_SHAPE", "PAD_SIZEX", "PAD_SIZEY", "HOLE_SIZE", "PAD_ANGLE"],
	"rows": [
		[1, "Alimentacion_1", 2850, 118.11, "T", "DIP", "GND", "GND", "R", 66.93, 66.93, 43.31, 0],
		[2, "Alimentacion_1", 2850, 118.11, "B", "DIP", "GND", "GND", "R", 66.93, 66.93, 43.31, 0],
		[3, "Alimentacion_2", 2950, 118.11, "T", "DIP", "$1N1422", "", "C", 66.93, 66.93, 43.31, 0],
		[4, "Alimentacion_2", 2950, 118.11, "B", "DIP", "$1N1422", "", "C", 66.93, 66.93, 43.31, 0],
		[5, "Alimentacion_3", 3050, 118.11, "T", "DIP", "Alimentacion_3", "", "C", 66.93, 66.93, 43.31, 0],
		[6, "Alimentacion_3", 3050, 118.11, "B", "DIP", "Alimentacion_3", "", "C", 66.93, 66.93, 43.31, 0],
		[7, "Alimentacion_4", 3150, 118.11, "T", "DIP", "3.3V", "", "C", 66.93, 66.93, 43.31, 0],
		[8, "Alimentacion_4", 3150, 118.11, "B", "DIP", "3.3V", "", "C", 66.93, 66.93, 43.31, 0],
		[9, "Botones_1", 1680, 118.11, "T", "DIP", "BTNM3", "", "R", 66.93, 66.93, 43.31, 0],
		[10, "Botones_1", 1680, 118.11, "B", "DIP", "BTNM3", "", "R", 66.93, 66.93, 43.31, 0],
		[11, "Botones_2", 1780, 118.11, "T", "DIP", "BTNM2", "", "C", 66.93, 66.93, 43.31, 0],
		[12, "Botones_2", 1780, 118.11, "B", "DIP", "BTNM2", "", "C", 66.93, 66.93, 43.31, 0],
		[13, "Botones_3", 1880, 118.11, "T", "DIP", "BTNM1", "", "C", 66.93, 66.93, 43.31, 0],
		[14, "Botones_3", 1880, 118.11, "B", "DIP", "BTNM1", "", "C", 66.93, 66.93, 43.31, 0],
		[15, "Botones_4", 1980, 118.11, "T", "DIP", "BTNM", "", "C", 66.93, 66.93, 43.31, 0],
		[16, "Botones_4", 1980, 118.11, "B", "DIP", "BTNM", "", "C", 66.93, 66.93, 43.31, 0],
		[17, "BtnManual_1", 3358.9, 2060, "T", "DIP", "$1N885", "", "C", 86.61, 86.61, 59.06, 0],
		[18, "BtnManual_1", 3358.9, 2060, "B", "DIP", "$1N885", "", "C", 86.61, 86.61, 59.06, 0],
		[19, "BtnManual_2", 3851.1, 2060, "T", "DIP", "BTNM", "", "C", 86.61, 86.61, 59.06, 0],
		[20, "BtnManual_2", 3851.1, 2060, "B", "DIP", "BTNM", "", "C", 86.61, 86.61, 59.06, 0],
		[21, "BtnManual_3", 3358.9, 1860, "T", "DIP", "$1N603", "", "C", 86.61, 86.61, 59.06, 0],
		[22, "BtnManual_3", 3358.9, 1860, "B", "DIP", "$1N603", "", "C", 86.61, 86.61, 59.06, 0],
		[23, "BtnManual_4", 3851.1, 1860, "T", "DIP", "BtnManual_4", "", "C", 86.61, 86.61, 59.06, 0],
		[24, "BtnManual_4", 3851.1, 1860, "B", "DIP", "BtnManual_4", "", "C", 86.61, 86.61, 59.06, 0],
		[25, "BtnMemoria1_1", 1071.1, 529.92, "T", "DIP", "$1N879", "", "C", 86.61, 86.61, 59.06, 180],
		[26, "BtnMemoria1_1", 1071.1, 529.92, "B", "DIP", "$1N879", "", "C", 86.61, 86.61, 59.06, 180],
		[27, "BtnMemoria1_2", 578.9, 529.92, "T", "DIP", "BTNM1", "", "C", 86.61, 86.61, 59.06, 180],
		[28, "BtnMemoria1_2", 578.9, 529.92, "B", "DIP", "BTNM1", "", "C", 86.61, 86.61, 59.06, 180],
		[29, "BtnMemoria1_3", 1071.1, 729.92, "T", "DIP", "$1N301", "", "C", 86.61, 86.61, 59.06, 180],
		[30, "BtnMemoria1_3", 1071.1, 729.92, "B", "DIP", "$1N301", "", "C", 86.61, 86.61, 59.06, 180],
		[31, "BtnMemoria1_4", 578.9, 729.92, "T", "DIP", "$1N603", "", "C", 86.61, 86.61, 59.06, 180],
		[32, "BtnMemoria1_4", 578.9, 729.92, "B", "DIP", "$1N603", "", "C", 86.61, 86.61, 59.06, 180],
		[33, "BtnMemoria2_1", 2061.1, 529.92, "T", "DIP", "$1N874", "", "C", 86.61, 86.61, 59.06, 180],
		[34, "BtnMemoria2_1", 2061.1, 529.92, "B", "DIP", "$1N874", "", "C", 86.61, 86.61, 59.06, 180],
		[35, "BtnMemoria2_2", 1568.9, 529.92, "T", "DIP", "BTNM2", "", "C", 86.61, 86.61, 59.06, 180],
		[36, "BtnMemoria2_2", 1568.9, 529.92, "B", "DIP", "BTNM2", "", "C", 86.61, 86.61, 59.06, 180],
		[37, "BtnMemoria2_3", 2061.1, 729.92, "T", "DIP", "$1N305", "", "C", 86.61, 86.61, 59.06, 180],
		[38, "BtnMemoria2_3", 2061.1, 729.92, "B", "DIP", "$1N305", "", "C", 86.61, 86.61, 59.06, 180],
		[39, "BtnMemoria2_4", 1568.9, 729.92, "T", "DIP", "$1N301", "", "C", 86.61, 86.61, 59.06, 180],
		[40, "BtnMemoria2_4", 1568.9, 729.92, "B", "DIP", "$1N301", "", "C", 86.61, 86.61, 59.06, 180],
		[41, "BtnMemoria3_1", 3201.1, 529.92, "T", "DIP", "$1N869", "", "C", 86.61, 86.61, 59.06, 180],
		[42, "BtnMemoria3_1", 3201.1, 529.92, "B", "DIP", "$1N869", "", "C", 86.61, 86.61, 59.06, 180],
		[43, "BtnMemoria3_2", 2708.9, 529.92, "T", "DIP", "BTNM3", "", "C", 86.61, 86.61, 59.06, 180],
		[44, "BtnMemoria3_2", 2708.9, 529.92, "B", "DIP", "BTNM3", "", "C", 86.61, 86.61, 59.06, 180],
		[45, "BtnMemoria3_3", 3201.1, 729.92, "T", "DIP", "GND", "GND", "C", 86.61, 86.61, 59.06, 180],
		[46, "BtnMemoria3_3", 3201.1, 729.92, "B", "DIP", "GND", "GND", "C", 86.61, 86.61, 59.06, 180],
		[47, "BtnMemoria3_4", 2708.9, 729.92, "T", "DIP", "$1N305", "", "C", 86.61, 86.61, 59.06, 180],
		[48, "BtnMemoria3_4", 2708.9, 729.92, "B", "DIP", "$1N305", "", "C", 86.61, 86.61, 59.06, 180],
		[49, "BUZZER1_1", 3481.89, 2570, "T", "DIP", "GND", "GND", "C", 98.42, 98.42, 59.06, 0],
		[50, "BUZZER1_1", 3481.89, 2570, "B", "DIP", "GND", "GND", "C", 98.42, 98.42, 59.06, 0],
		[51, "BUZZER1_2", 3718.11, 2570, "T", "DIP", "$1N1422", "", "C", 98.42, 98.42, 59.06, 0],
		[52, "BUZZER1_2", 3718.11, 2570, "B", "DIP", "$1N1422", "", "C", 98.42, 98.42, 59.06, 0],
		[53, "Display_1", 680, 118.11, "T", "DIP", "SCK", "", "R", 66.93, 66.93, 43.31, 0],
		[54, "Display_1", 680, 118.11, "B", "DIP", "SCK", "", "R", 66.93, 66.93, 43.31, 0],
		[55, "Display_2", 780, 118.11, "T", "DIP", "MOSI", "", "C", 66.93, 66.93, 43.31, 0],
		[56, "Display_2", 780, 118.11, "B", "DIP", "MOSI", "", "C", 66.93, 66.93, 43.31, 0],
		[57, "Display_3", 880, 118.11, "T", "DIP", "CS", "", "C", 66.93, 66.93, 43.31, 0],
		[58, "Display_3", 880, 118.11, "B", "DIP", "CS", "", "C", 66.93, 66.93, 43.31, 0],
		[59, "Display_4", 980, 118.11, "T", "DIP", "DC", "", "C", 66.93, 66.93, 43.31, 0],
		[60, "Display_4", 980, 118.11, "B", "DIP", "DC", "", "C", 66.93, 66.93, 43.31, 0],
		[61, "R1_1", 3796.69, 1430, "T", "DIP", "3.3V", "", "C", 74, 74, 39.37, 180],
		[62, "R1_1", 3796.69, 1430, "B", "DIP", "3.3V", "", "C", 74, 74, 39.37, 180],
		[63, "R1_2", 3383.31, 1430, "T", "DIP", "$1N885", "", "C", 74, 74, 39.37, 180],
		[64, "R1_2", 3383.31, 1430, "B", "DIP", "$1N885", "", "C", 74, 74, 39.37, 180],
		[65, "R2_1", 1275, 468.31, "T", "DIP", "3.3V", "", "C", 74, 74, 39.37, 90],
		[66, "R2_1", 1275, 468.31, "B", "DIP", "3.3V", "", "C", 74, 74, 39.37, 90],
		[67, "R2_2", 1275, 881.69, "T", "DIP", "$1N879", "", "C", 74, 74, 39.37, 90],
		[68, "R2_2", 1275, 881.69, "B", "DIP", "$1N879", "", "C", 74, 74, 39.37, 90],
		[69, "R3_1", 2415, 468.31, "T", "DIP", "3.3V", "", "C", 74, 74, 39.37, 90],
		[70, "R3_1", 2415, 468.31, "B", "DIP", "3.3V", "", "C", 74, 74, 39.37, 90],
		[71, "R3_2", 2415, 881.69, "T", "DIP", "$1N874", "", "C", 74, 74, 39.37, 90],
		[72, "R3_2", 2415, 881.69, "B", "DIP", "$1N874", "", "C", 74, 74, 39.37, 90],
		[73, "R4_1", 3525, 473.31, "T", "DIP", "3.3V", "", "C", 74, 74, 39.37, 90],
		[74, "R4_1", 3525, 473.31, "B", "DIP", "3.3V", "", "C", 74, 74, 39.37, 90],
		[75, "R4_2", 3525, 886.69, "T", "DIP", "$1N869", "", "C", 74, 74, 39.37, 90],
		[76, "R4_2", 3525, 886.69, "B", "DIP", "$1N869", "", "C", 74, 74, 39.37, 90],
		[77, "U1_1", 285, 2704.76, "T", "DIP", "3.3V", "", "C", 74.02, 74.02, 40.16, 0],
		[78, "U1_1", 285, 2704.76, "B", "DIP", "3.3V", "", "C", 74.02, 74.02, 40.16, 0],
		[79, "U1_2", 285, 2604.76, "T", "DIP", "GND", "GND", "C", 74.02, 74.02, 40.16, 0],
		[80, "U1_2", 285, 2604.76, "B", "DIP", "GND", "GND", "C", 74.02, 74.02, 40.16, 0],
		[81, "U1_3", 285, 2504.76, "T", "DIP", "CS", "", "C", 74.02, 74.02, 40.16, 0],
		[82, "U1_3", 285, 2504.76, "B", "DIP", "CS", "", "C", 74.02, 74.02, 40.16, 0],
		[83, "U1_4", 285, 2404.76, "T", "DIP", "3.3V", "", "C", 74.02, 74.02, 40.16, 0],
		[84, "U1_4", 285, 2404.76, "B", "DIP", "3.3V", "", "C", 74.02, 74.02, 40.16, 0],
		[85, "U1_5", 285, 2304.76, "T", "DIP", "DC", "", "C", 74.02, 74.02, 40.16, 0],
		[86, "U1_5", 285, 2304.76, "B", "DIP", "DC", "", "C", 74.02, 74.02, 40.16, 0],
		[87, "U1_6", 285, 2204.76, "T", "DIP", "MOSI", "", "C", 74.02, 74.02, 40.16, 0],
		[88, "U1_6", 285, 2204.76, "B", "DIP", "MOSI", "", "C", 74.02, 74.02, 40.16, 0],
		[89, "U1_7", 285, 2104.76, "T", "DIP", "SCK", "", "C", 74.02, 74.02, 40.16, 0],
		[90, "U1_7", 285, 2104.76, "B", "DIP", "SCK", "", "C", 74.02, 74.02, 40.16, 0],
		[91, "U1_8", 285, 2004.76, "T", "DIP", "3.3V", "", "C", 74.02, 74.02, 40.16, 0],
		[92, "U1_8", 285, 2004.76, "B", "DIP", "3.3V", "", "C", 74.02, 74.02, 40.16, 0],
		[93, "U1_9", 285, 1904.76, "T", "DIP", "U1_9", "", "C", 74.02, 74.02, 40.16, 0],
		[94, "U1_9", 285, 1904.76, "B", "DIP", "U1_9", "", "C", 74.02, 74.02, 40.16, 0],
		[95, "U1_10", 285, 1804.76, "T", "DIP", "U1_10", "", "C", 74.02, 74.02, 40.16, 0],
		[96, "U1_10", 285, 1804.76, "B", "DIP", "U1_10", "", "C", 74.02, 74.02, 40.16, 0],
		[97, "U1_11", 285, 1704.76, "T", "DIP", "U1_11", "", "C", 74.02, 74.02, 40.16, 0],
		[98, "U1_11", 285, 1704.76, "B", "DIP", "U1_11", "", "C", 74.02, 74.02, 40.16, 0],
		[99, "U1_12", 285, 1604.76, "T", "DIP", "U1_12", "", "C", 74.02, 74.02, 40.16, 0],
		[100, "U1_12", 285, 1604.76, "B", "DIP", "U1_12", "", "C", 74.02, 74.02, 40.16, 0],
		[101, "U1_13", 285, 1504.76, "T", "DIP", "U1_13", "", "C", 74.02, 74.02, 40.16, 0],
		[102, "U1_13", 285, 1504.76, "B", "DIP", "U1_13", "", "C", 74.02, 74.02, 40.16, 0],
		[103, "U1_14", 285, 1404.76, "T", "DIP", "U1_14", "", "C", 74.02, 74.02, 40.16, 0],
		[104, "U1_14", 285, 1404.76, "B", "DIP", "U1_14", "", "C", 74.02, 74.02, 40.16, 0],
		[105, "U1_15", 3159.02, 1905.55, "T", "DIP", "U1_15", "", "C", 74.02, 74.02, 40.16, 0],
		[106, "U1_15", 3159.02, 1905.55, "B", "DIP", "U1_15", "", "C", 74.02, 74.02, 40.16, 0],
		[107, "U1_16", 3159.02, 2005.55, "T", "DIP", "U1_16", "", "C", 74.02, 74.02, 40.16, 0],
		[108, "U1_16", 3159.02, 2005.55, "B", "DIP", "U1_16", "", "C", 74.02, 74.02, 40.16, 0],
		[109, "U1_17", 3159.02, 2105.55, "T", "DIP", "U1_17", "", "C", 74.02, 74.02, 40.16, 0],
		[110, "U1_17", 3159.02, 2105.55, "B", "DIP", "U1_17", "", "C", 74.02, 74.02, 40.16, 0],
		[111, "U1_18", 3159.02, 2205.55, "T", "DIP", "U1_18", "", "C", 74.02, 74.02, 40.16, 0],
		[112, "U1_18", 3159.02, 2205.55, "B", "DIP", "U1_18", "", "C", 74.02, 74.02, 40.16, 0]
	]
}
}