{
"lengthUnit": "mil",
"components": {
	"fields": ["COMPONENT_NO", "COMPONENT_NAME", "LAYER", "X_COORDINATE", "Y_COORDINATE", "ANGLE"],
	"rows": [
		[1, "24LC08B", "T", 2585, 1125, 270],
		[2, "7414", "T", 2580, 1915, 270],
		[3, "Alimentacionpantalla", "T", 210, 2640, 90],
		[4, "Botones1", "T", 205, 1380, 90],
		[5, "C4", "T", 2820, 650, 90],
		[6, "Calefactor1", "T", 3695, 1945, 270],
		[7, "CN1", "T", 3665, 1240, 270],
		[8, "D1", "T", 3100, 630, 90],
		[9, "Display1", "T", 220, 2050, 90],
		[10, "IRFZ44VZPBF", "T", 2670, 245, 180],
		[11, "LM358P", "T", 2870, 2700, 270],
		[12, "Potenciometro", "T", 210, 720, 90],
		[13, "PR1", "T", 1955, 2810, 0],
		[14, "R1", "T", 2330, 2680, 270],
		[15, "R2", "T", 2510, 2690, 90],
		[16, "R3", "T", 3095, 1985, 0],
		[17, "R4", "T", 3095, 1720, 0],
		[18, "STM32F411", "T", 1610, 1220, 0],
		[19, "U2", "T", 955, 3015, 0],
		[20, "U4", "T", 3735, 2405, 270],
		[21, "U7", "T", 1575, 3010, 0],
		[22, "Ventilador", "T", 3630, 590, 270]
	]
},
"pins": {
	"fields": ["PIN_NO", "PIN_NAME", "PIN_X", "PIN_Y", "LAYER", "PIN_TYPE", "NET_NAME", "NET_TYPE", "PAD_SHAPE", "PAD_SIZEX", "PAD_SIZEY", "HOLE_SIZE", "PAD_ANGLE"],
	"rows": [
		[1, "24LC08B_1", 2429.49, 1275, "T", "DIP", "GND", "GND", "O", 60, 78.74, 35.43, 270],
		[2, "24LC08B_1", 2429.49, 1275, "B", "DIP", "GND", "GND", "O", 60, 78.74, 35.43, 270],
		[3, "24LC08B_2", 2429.49, 1175, "T", "DIP", "GND", "GND", "O", 60, 78.74, 35.43, 270],
		[4, "24LC08B_2", 2429.49, 1175, "B", "DIP", "GND", "GND", "O", 60, 78.74, 35.43, 270],
		[5, "24LC08B_3", 2429.49, 1075, "T", "DIP", "GND", "GND", "O", 60, 78.74, 35.43, 270],
		[6, "24LC08B_3", 2429.49, 1075, "B", "DIP", "GND", "GND", "O", 60, 78.74, 35.43, 270],
		[7, "24LC08B_4", 2429.49, 975, "T", "DIP", "GND", "GND", "O", 60, 78.74, 35.43, 270],
		[8, "24LC08B_4", 2429.49, 975, "B", "DIP", "GND", "GND", "O", 60, 78.74, 35.43, 270],
		[9, "24LC08B_5", 2740.51, 975, "T", "DIP", "EPROM-SDA", "", "O", 60, 78.74, 35.43, 270],
		[10, "24LC08B_5", 2740.51, 975, "B", "DIP", "EPROM-SDA", "", "O", 60, 78.74, 35.43, 270],
		[11, "24LC08B_6", 2740.51, 1075, "T", "DIP", "EPROM-SCL", "", "O", 60, 78.74, 35.43, 270],
		[12, "24LC08B_6", 2740.51, 1075, "B", "DIP", "EPROM-SCL", "", "O", 60, 78.74, 35.43, 270],
		[13, "24LC08B_7", 2740.51, 1175, "T", "DIP", "GND", "GND", "O", 60, 78.74, 35.43, 270],
		[14, "24LC08B_7", 2740.51, 1175, "B", "DIP", "GND", "GND", "O", 60, 78.74, 35.43, 270],
		[15, "24LC08B_8", 2740.51, 1275, "T", "DIP", "+3.3V", "", "O", 60, 78.74, 35.43, 270],
		[16, "24LC08B_8", 2740.51, 1275, "B", "DIP", "+3.3V", "", "O", 60, 78.74, 35.43, 270],
		[17, "7414_1", 2430, 2215, "T", "DIP", "VENTILADOR_PWM", "", "R", 78.74, 59.05, 39.37, 0],
		[18, "7414_1", 2430, 2215, "B", "DIP", "VENTILADOR_PWM", "", "R", 78.74, 59.05, 39.37, 0],
		[19, "7414_2", 2430, 2115, "T", "DIP", "$1N3277", "", "O", 78.74, 59.05, 39.37, 0],
		[20, "7414_2", 2430, 2115, "B", "DIP", "$1N3277", "", "O", 78.74, 59.05, 39.37, 0],
		[21, "7414_3", 2430, 2015, "T", "DIP", "$1N3277", "", "O", 78.74, 59.05, 39.37, 0],
		[22, "7414_3", 2430, 2015, "B", "DIP", "$1N3277", "", "O", 78.74, 59.05, 39.37, 0],
		[23, "7414_4", 2430, 1915, "T", "DIP", "$1N3282", "", "O", 78.74, 59.05, 39.37, 0],
		[24, "7414_4", 2430, 1915, "B", "DIP", "$1N3282", "", "O", 78.74, 59.05, 39.37, 0],
		[25, "7414_5", 2430, 1815, "T", "DIP", "$1N3277", "", "O", 78.74, 59.05, 39.37, 0],
		[26, "7414_5", 2430, 1815, "B", "DIP", "$1N3277", "", "O", 78.74, 59.05, 39.37, 0],
		[27, "7414_6", 2430, 1715, "T", "DIP", "$1N3282", "", "O", 78.74, 59.05, 39.37, 0],
		[28, "7414_6", 2430, 1715, "B", "DIP", "$1N3282", "", "O", 78.74, 59.05, 39.37, 0],
		[29, "7414_7", 2430, 1615, "T", "DIP", "GND", "GND", "O", 78.74, 59.05, 39.37, 0],
		[30, "7414_7", 2430, 1615, "B", "DIP", "GND", "GND", "O", 78.74, 59.05, 39.37, 0],
		[31, "7414_8", 2730, 1615, "T", "DIP", "7414_8", "", "O", 78.74, 59.05, 39.37, 0],
		[32, "7414_8", 2730, 1615, "B", "DIP", "7414_8", "", "O", 78.74, 59.05, 39.37, 0],
		[33, "7414_9", 2730, 1715, "T", "DIP", "7414_9", "", "O", 78.74, 59.05, 39.37, 0],
		[34, "7414_9", 2730, 1715, "B", "DIP", "7414_9", "", "O", 78.74, 59.05, 39.37, 0],
		[35, "7414_10", 2730, 1815, "T", "DIP", "7414_10", "", "O", 78.74, 59.05, 39.37, 0],
		[36, "7414_10", 2730, 1815, "B", "DIP", "7414_10", "", "O", 78.74, 59.05, 39.37, 0],
		[37, "7414_11", 2730, 1915, "T", "DIP", "7414_11", "", "O", 78.74, 59.05, 39.37, 0],
		[38, "7414_11", 2730, 1915, "B", "DIP", "7414_11", "", "O", 78.74, 59.05, 39.37, 0],
		[39, "7414_12", 2730, 2015, "T", "DIP", "7414_12", "", "O", 78.74, 59.05, 39.37, 0],
		[40, "7414_12", 2730, 2015, "B", "DIP", "7414_12", "", "O", 78.74, 59.05, 39.37, 0],
		[41, "7414_13", 2730, 2115, "T", "DIP", "7414_13", "", "O", 78.74, 59.05, 39.37, 0],
		[42, "7414_13", 2730, 2115, "B", "DIP", "7414_13", "", "O", 78.74, 59.05, 39.37, 0],
		[43, "7414_14", 2730, 2215, "T", "DIP", "+5V", "", "O", 78.74, 59.05, 39.37, 0],
		[44, "7414_14", 2730, 2215, "B", "DIP", "+5V", "", "O", 78.74, 59.05, 39.37, 0],
		[45, "Alimentacionpantalla_1", 210, 2490, "T", "DIP", "GND", "GND", "R", 66.93, 66.93, 43.31, 90],
		[46, "Alimentacionpantalla_1", 210, 2490, "B", "DIP", "GND", "GND", "R", 66.93, 66.93, 43.31, 90],
		[47, "Alimentacionpantalla_2", 210, 2590, "T", "DIP", "BUZZER", "", "C", 66.93, 66.93, 43.31, 90],
		[48, "Alimentacionpantalla_2", 210, 2590, "B", "DIP", "BUZZER", "", "C", 66.93, 66.93, 43.31, 90],
		[49, "Alimentacionpantalla_3", 210, 2690, "T", "DIP", "Alimentacionpantalla_3", "", "C", 66.93, 66.93, 43.31, 90],
		[50, "Alimentacionpantalla_3", 210, 2690, "B", "DIP", "Alimentacionpantalla_3", "", "C", 66.93, 66.93, 43.31, 90],
		[51, "Alimentacionpantalla_4", 210, 2790, "T", "DIP", "3.3V", "", "C", 66.93, 66.93, 43.31, 90],
		[52, "Alimentacionpantalla_4", 210, 2790, "B", "DIP", "3.3V", "", "C", 66.93, 66.93, 43.31, 90],
		[53, "Botones1_1", 205, 1230, "T", "DIP", "BTNM3", "", "R", 66.93, 66.93, 43.31, 90],
		[54, "Botones1_1", 205, 1230, "B", "DIP", "BTNM3", "", "R", 66.93, 66.93, 43.31, 90],
		[55, "Botones1_2", 205, 1330, "T", "DIP", "BTNM2", "", "C", 66.93, 66.93, 43.31, 90],
		[56, "Botones1_2", 205, 1330, "B", "DIP", "BTNM2", "", "C", 66.93, 66.93, 43.31, 90],
		[57, "Botones1_3", 205, 1430, "T", "DIP", "BTNM1", "", "C", 66.93, 66.93, 43.31, 90],
		[58, "Botones1_3", 205, 1430, "B", "DIP", "BTNM1", "", "C", 66.93, 66.93, 43.31, 90],
		[59, "Botones1_4", 205, 1530, "T", "DIP", "BTNM", "", "C", 66.93, 66.93, 43.31, 90],
		[60, "Botones1_4", 205, 1530, "B", "DIP", "BTNM", "", "C", 66.93, 66.93, 43.31, 90],
		[61, "C4_1", 2820, 610.63, "T", "DIP", "24V", "", "C", 51.18, 51.18, 31.5, 90],
		[62, "C4_1", 2820, 610.63, "B", "DIP", "24V", "", "C", 51.18, 51.18, 31.5, 90],
		[63, "C4_2", 2820, 689.37, "T", "DIP", "$1N3633", "", "C", 51.18, 51.18, 31.5, 90],
		[64, "C4_2", 2820, 689.37, "B", "DIP", "$1N3633", "", "C", 51.18, 51.18, 31.5, 90],
		[65, "Calefactor1_1", 3695, 1995, "T", "DIP", "GND", "GND", "R", 66.93, 66.93, 39.37, 270],
		[66, "Calefactor1_1", 3695, 1995, "B", "DIP", "GND", "GND", "R", 66.93, 66.93, 39.37, 270],
		[67, "Calefactor1_2", 3695, 1895, "T", "DIP", "CALEFACTOR", "", "C", 66.93, 66.93, 39.37, 270],
		[68, "Calefactor1_2", 3695, 1895, "B", "DIP", "CALEFACTOR", "", "C", 66.93, 66.93, 39.37, 270],
		[69, "CN1_1", 3664.86, 1390.92, "T", "DIP", "GND", "GND", "R", 70.87, 70.87, 47.24, 270],
		[70, "CN1_1", 3664.86, 1390.92, "B", "DIP", "GND", "GND", "R", 70.87, 70.87, 47.24, 270],
		[71, "CN1_2", 3664.86, 1290.92, "T", "DIP", "24V", "", "C", 70.87, 70.87, 47.24, 270],
		[72, "CN1_2", 3664.86, 1290.92, "B", "DIP", "24V", "", "C", 70.87, 70.87, 47.24, 270],
		[73, "CN1_3", 3664.86, 1190.92, "T", "DIP", "+5V", "", "C", 70.87, 70.87, 47.24, 270],
		[74, "CN1_3", 3664.86, 1190.92, "B", "DIP", "+5V", "", "C", 70.87, 70.87, 47.24, 270],
		[75, "CN1_4", 3665.14, 1089.08, "T", "DIP", "+3.3V", "", "C", 70.87, 70.87, 47.24, 270],
		[76, "CN1_4", 3665.14, 1089.08, "B", "DIP", "+3.3V", "", "C", 70.87, 70.87, 47.24, 270],
		[77, "D1_1", 3100, 458.74, "T", "DIP", "24V", "", "C", 70.87, 70.87, 39.37, 90],
		[78, "D1_1", 3100, 458.74, "B", "DIP", "24V", "", "C", 70.87, 70.87, 39.37, 90],
		[79, "D1_2", 3100, 801.26, "T", "DIP", "$1N3633", "", "C", 70.87, 70.87, 39.37, 90],
		[80, "D1_2", 3100, 801.26, "B", "DIP", "$1N3633", "", "C", 70.87, 70.87, 39.37, 90],
		[81, "Display1_1", 220, 1900, "T", "DIP", "SCK", "", "R", 66.93, 66.93, 43.31, 90],
		[82, "Display1_1", 220, 1900, "B", "DIP", "SCK", "", "R", 66.93, 66.93, 43.31, 90],
		[83, "Display1_2", 220, 2000, "T", "DIP", "MOSI", "", "C", 66.93, 66.93, 43.31, 90],
		[84, "Display1_2", 220, 2000, "B", "DIP", "MOSI", "", "C", 66.93, 66.93, 43.31, 90],
		[85, "Display1_3", 220, 2100, "T", "DIP", "CS", "", "C", 66.93, 66.93, 43.31, 90],
		[86, "Display1_3", 220, 2100, "B", "DIP", "CS", "", "C", 66.93, 66.93, 43.31, 90],
		[87, "Display1_4", 220, 2200, "T", "DIP", "DC", "", "C", 66.93, 66.93, 43.31, 90],
		[88, "Display1_4", 220, 2200, "B", "DIP", "DC", "", "C", 66.93, 66.93, 43.31, 90],
		[89, "IRFZ44VZPBF_1", 2770.01, 244.81, "T", "DIP", "$1N3282", "", "R", 70.87, 102.36, 47.24, 180],
		[90, "IRFZ44VZPBF_1", 2770.01, 244.81, "B", "DIP", "$1N3282", "", "R", 70.87, 102.36, 47.24, 180],
		[91, "IRFZ44VZPBF_2", 2670.01, 244.81, "T", "DIP", "$1N3633", "", "O", 70.87, 102.36, 47.24, 180],
		[92, "IRFZ44VZPBF_2", 2670.01, 244.81, "B", "DIP", "$1N3633", "", "O", 70.87, 102.36, 47.24, 180],
		[93, "IRFZ44VZPBF_3", 2569.99, 245.19, "T", "DIP", "GND", "GND", "O", 70.87, 102.36, 47.24, 180],
		[94, "IRFZ44VZPBF_3", 2569.99, 245.19, "B", "DIP", "GND", "GND", "O", 70.87, 102.36, 47.24, 180],
		[95, "LM358P_1", 2720, 2850, "T", "DIP", "$1N2841", "", "O", 57.48, 71.85, 31.5, 270],
		[96, "LM358P_1", 2720, 2850, "B", "DIP", "$1N2841", "", "O", 57.48, 71.85, 31.5, 270],
		[97, "LM358P_2", 2720, 2750, "T", "DIP", "$1N2714", "", "O", 57.48, 71.85, 31.5, 270],
		[98, "LM358P_2", 2720, 2750, "B", "DIP", "$1N2714", "", "O", 57.48, 71.85, 31.5, 270],
		[99, "LM358P_3", 2720, 2650, "T", "DIP", "GND", "GND", "O", 57.48, 71.85, 31.5, 270],
		[100, "LM358P_3", 2720, 2650, "B", "DIP", "GND", "GND", "O", 57.48, 71.85, 31.5, 270],
		[101, "LM358P_4", 2720, 2550, "T", "DIP", "GND", "GND", "O", 57.48, 71.85, 31.5, 270],
		[102, "LM358P_4", 2720, 2550, "B", "DIP", "GND", "GND", "O", 57.48, 71.85, 31.5, 270],
		[103, "LM358P_5", 3020, 2550, "T", "DIP", "$1N2841", "", "O", 57.48, 71.85, 31.5, 270],
		[104, "LM358P_5", 3020, 2550, "B", "DIP", "$1N2841", "", "O", 57.48, 71.85, 31.5, 270],
		[105, "LM358P_6", 3020, 2650, "T", "DIP", "TEMPERATURA", "", "O", 57.48, 71.85, 31.5, 270],
		[106, "LM358P_6", 3020, 2650, "B", "DIP", "TEMPERATURA", "", "O", 57.48, 71.85, 31.5, 270],
		[107, "LM358P_7", 3020, 2750, "T", "DIP", "TEMPERATURA", "", "O", 57.48, 71.85, 31.5, 270],
		[108, "LM358P_7", 3020, 2750, "B", "DIP", "TEMPERATURA", "", "O", 57.48, 71.85, 31.5, 270],
		[109, "LM358P_8", 3020, 2850, "T", "DIP", "+5V", "", "O", 57.48, 71.85, 31.5, 270],
		[110, "LM358P_8", 3020, 2850, "B", "DIP", "+5V", "", "O", 57.48, 71.85, 31.5, 270],
		[111, "Potenciometro_1", 210, 620, "T", "DIP", "GND", "GND", "R", 62, 62, 40.16, 90],
		[112, "Potenciometro_1", 210, 620, "B", "DIP", "GND", "GND", "R", 62, 62, 40.16, 90],
		[113, "Potenciometro_2", 210, 720, "T", "DIP", "POTENCIOMETRO", "", "C", 62, 62, 40.16, 90],
		[114, "Potenciometro_2", 210, 720, "B", "DIP", "POTENCIOMETRO", "", "C", 62, 62, 40.16, 90],
		[115, "Potenciometro_3", 210, 820, "T", "DIP", "3.3V", "", "C", 62, 62, 40.16, 90],
		[116, "Potenciometro_3", 210, 820, "B", "DIP", "3.3V", "", "C", 62, 62, 40.16, 90],
		[117, "PR1_1", 2005, 2710, "T", "DIP", "$1N2841", "", "C", 62.99, 62.99, 39.37, 270],
		[118, "PR1_1", 2005, 2710, "B", "DIP", "$1N2841", "", "C", 62.99, 62.99, 39.37, 270],
		[119, "PR1_2", 1905, 2810, "T", "DIP", "$1N2841", "", "C", 62.99, 62.99, 39.37, 270],
		[120, "PR1_2", 1905, 2810, "B", "DIP", "$1N2841", "", "C", 62.99, 62.99, 39.37, 270],
		[121, "PR1_3", 2005, 2910, "T", "DIP", "$1N2936", "", "C", 62.99, 62.99, 39.37, 270],
		[122, "PR1_3", 2005, 2910, "B", "DIP", "$1N2936", "", "C", 62.99, 62.99, 39.37, 270],
		[123, "R1_1", 2330, 2886.69, "T", "DIP", "$1N2710", "", "C", 74, 74, 39.37, 270],
		[124, "R1_1", 2330, 2886.69, "B", "DIP", "$1N2710", "", "C", 74, 74, 39.37, 270],
		[125, "R1_2", 2330, 2473.31, "T", "DIP", "$1N2714", "", "C", 74, 74, 39.37, 270],
		[126, "R1_2", 2330, 2473.31, "B", "DIP", "$1N2714", "", "C", 74, 74, 39.37, 270],
		[127, "R2_1", 2510, 2483.31, "T", "DIP", "$1N2714", "", "C", 74, 74, 39.37, 90],
		[128, "R2_1", 2510, 2483.31, "B", "DIP", "$1N2714", "", "C", 74, 74, 39.37, 90],
		[129, "R2_2", 2510, 2896.69, "T", "DIP", "$1N2936", "", "C", 74, 74, 39.37, 90],
		[130, "R2_2", 2510, 2896.69, "B", "DIP", "$1N2936", "", "C", 74, 74, 39.37, 90],
		[131, "R3_1", 2888.31, 1985, "T", "DIP", "$1N3282", "", "C", 74, 74, 39.37, 0],
		[132, "R3_1", 2888.31, 1985, "B", "DIP", "$1N3282", "", "C", 74, 74, 39.37, 0],
		[133, "R3_2", 3301.69, 1985, "T", "DIP", "+5V", "", "C", 74, 74, 39.37, 0],
		[134, "R3_2", 3301.69, 1985, "B", "DIP", "+5V", "", "C", 74, 74, 39.37, 0],
		[135, "R4_1", 2888.31, 1720, "T", "DIP", "$1N3282", "", "C", 74, 74, 39.37, 0],
		[136, "R4_1", 2888.31, 1720, "B", "DIP", "$1N3282", "", "C", 74, 74, 39.37, 0],
		[137, "R4_2", 3301.69, 1720, "T", "DIP", "+5V", "", "C", 74, 74, 39.37, 0],
		[138, "R4_2", 3301.69, 1720, "B", "DIP", "+5V", "", "C", 74, 74, 39.37, 0],
		[139, "STM32F411_1", 1910, 270, "T", "DIP", "STM32F411_1", "", "R", 75, 75, 36, 90],
		[140, "STM32F411_1", 1910, 270, "B", "DIP", "STM32F411_1", "", "R", 75, 75, 36, 90],
		[141, "STM32F411_2", 1910, 370, "T", "DIP", "BTNM1", "", "R", 75, 75, 36, 90],
		[142, "STM32F411_2", 1910, 370, "B", "DIP", "BTNM1", "", "R", 75, 75, 36, 90],
		[143, "STM32F411_3", 1910, 470, "T", "DIP", "STM32F411_3", "", "R", 75, 75, 36, 90],
		[144, "STM32F411_3", 1910, 470, "B", "DIP", "STM32F411_3", "", "R", 75, 75, 36, 90],
		[145, "STM32F411_4", 1910, 570, "T", "DIP", "STM32F411_4", "", "R", 75, 75, 36, 90],
		[146, "STM32F411_4", 1910, 570, "B", "DIP", "STM32F411_4", "", "R", 75, 75, 36, 90],
		[147, "STM32F411_5", 1910, 670, "T", "DIP", "STM32F411_5", "", "R", 75, 75, 36, 90],
		[148, "STM32F411_5", 1910, 670, "B", "DIP", "STM32F411_5", "", "R", 75, 75, 36, 90],
		[149, "STM32F411_6", 1910, 770, "T", "DIP", "STM32F411_6", "", "R", 75, 75, 36, 90],
		[150, "STM32F411_6", 1910, 770, "B", "DIP", "STM32F411_6", "", "R", 75, 75, 36, 90],
		[151, "STM32F411_7", 1910, 870, "T", "DIP", "STM32F411_7", "", "R", 75, 75, 36, 90],
		[152, "STM32F411_7", 1910, 870, "B", "DIP", "STM32F411_7", "", "R", 75, 75, 36, 90],
		[153, "STM32F411_8", 1910, 970, "T", "DIP", "BUZZER", "", "R", 75, 75, 36, 90],
		[154, "STM32F411_8", 1910, 970, "B", "DIP", "BUZZER", "", "R", 75, 75, 36, 90],
		[155, "STM32F411_9", 1910, 1070, "T", "DIP", "POTENCIOMETRO", "", "R", 75, 75, 36, 90],
		[156, "STM32F411_9", 1910, 1070, "B", "DIP", "POTENCIOMETRO", "", "R", 75, 75, 36, 90],
		[157, "STM32F411_10", 1910, 1170, "T", "DIP", "TEMPERATURA", "", "R", 75, 75, 36, 90],
		[158, "STM32F411_10", 1910, 1170, "B", "DIP", "TEMPERATURA", "", "R", 75, 75, 36, 90],
		[159, "STM32F411_11", 1910, 1270, "T", "DIP", "SCK", "", "R", 75, 75, 36, 90],
		[160, "STM32F411_11", 1910, 1270, "B", "DIP", "SCK", "", "R", 75, 75, 36, 90],
		[161, "STM32F411_12", 1910, 1370, "T", "DIP", "BTNM2", "", "R", 75, 75, 36, 90],
		[162, "STM32F411_12", 1910, 1370, "B", "DIP", "BTNM2", "", "R", 75, 75, 36, 90],
		[163, "STM32F411_13", 1910, 1470, "T", "DIP", "MOSI", "", "R", 75, 75, 36, 90],
		[164, "STM32F411_13", 1910, 1470, "B", "DIP", "MOSI", "", "R", 75, 75, 36, 90],
		[165, "STM32F411_14", 1910, 1570, "T", "DIP", "CS", "", "R", 75, 75, 36, 90],
		[166, "STM32F411_14", 1910, 1570, "B", "DIP", "CS", "", "R", 75, 75, 36, 90],
		[167, "STM32F411_15", 1910, 1670, "T", "DIP", "DC", "", "R", 75, 75, 36, 90],
		[168, "STM32F411_15", 1910, 1670, "B", "DIP", "DC", "", "R", 75, 75, 36, 90],
		[169, "STM32F411_16", 1910, 1770, "T", "DIP", "ENC_CLK", "", "R", 75, 75, 36, 90],
		[170, "STM32F411_16", 1910, 1770, "B", "DIP", "ENC_CLK", "", "R", 75, 75, 36, 90],
		[171, "STM32F411_17", 1910, 1870, "T", "DIP", "BTNM3", "", "R", 75, 75, 36, 90],
		[172, "STM32F411_17", 1910, 1870, "B", "DIP", "BTNM3", "", "R", 75, 75, 36, 90],
		[173, "STM32F411_18", 1910, 1970, "T", "DIP", "+3.3V", "", "R", 75, 75, 36, 90],
		[174, "STM32F411_18", 1910, 1970, "B", "DIP", "+3.3V", "", "R", 75, 75, 36, 90],
		[175, "STM32F411_19", 1910, 2070, "T", "DIP", "GND", "GND", "R", 75, 75, 36, 90],
		[176, "STM32F411_19", 1910, 2070, "B", "DIP", "GND", "GND", "R", 75, 75, 36, 90],
		[177, "STM32F411_20", 1910, 2170, "T", "DIP", "+5V", "", "R", 75, 75, 36, 90],
		[178, "STM32F411_20", 1910, 2170, "B", "DIP", "+5V", "", "R", 75, 75, 36, 90],
		[179, "STM32F411_21", 1310, 2170, "T", "DIP", "ENC_DT", "", "R", 75, 75, 36, 270],
		[180, "STM32F411_21", 1310, 2170, "B", "DIP", "ENC_DT", "", "R", 75, 75, 36, 270],
		[181, "STM32F411_22", 1310, 2070, "T", "DIP", "STM32F411_22", "", "R", 75, 75, 36, 270],
		[182, "STM32F411_22", 1310, 2070, "B", "DIP", "STM32F411_22", "", "R", 75, 75, 36, 270],
		[183, "STM32F411_23", 1310, 1970, "T", "DIP", "STM32F411_23", "", "R", 75, 75, 36, 270],
		[184, "STM32F411_23", 1310, 1970, "B", "DIP", "STM32F411_23", "", "R", 75, 75, 36, 270],
		[185, "STM32F411_24", 1310, 1870, "T", "DIP", "BTNM", "", "R", 75, 75, 36, 270],
		[186, "STM32F411_24", 1310, 1870, "B", "DIP", "BTNM", "", "R", 75, 75, 36, 270],
		[187, "STM32F411_25", 1310, 1770, "T", "DIP", "STM32F411_25", "", "R", 75, 75, 36, 270],
		[188, "STM32F411_25", 1310, 1770, "B", "DIP", "STM32F411_25", "", "R", 75, 75, 36, 270],
		[189, "STM32F411_26", 1310, 1670, "T", "DIP", "SERIAL-RX", "", "R", 75, 75, 36, 270],
		[190, "STM32F411_26", 1310, 1670, "B", "DIP", "SERIAL-RX", "", "R", 75, 75, 36, 270],
		[191, "STM32F411_27", 1310, 1570, "T", "DIP", "SERIAL-TX", "", "R", 75, 75, 36, 270],
		[192, "STM32F411_27", 1310, 1570, "B", "DIP", "SERIAL-TX", "", "R", 75, 75, 36, 270],
		[193, "STM32F411_28", 1310, 1470, "T", "DIP", "STM32F411_28", "", "R", 75, 75, 36, 270],
		[194, "STM32F411_28", 1310, 1470, "B", "DIP", "STM32F411_28", "", "R", 75, 75, 36, 270],
		[195, "STM32F411_29", 1310, 1370, "T", "DIP", "STM32F411_29", "", "R", 75, 75, 36, 270],
		[196, "STM32F411_29", 1310, 1370, "B", "DIP", "STM32F411_29", "", "R", 75, 75, 36, 270],
		[197, "STM32F411_30", 1310, 1270, "T", "DIP", "VENTILADOR_PWM", "", "R", 75, 75, 36, 270],
		[198, "STM32F411_30", 1310, 1270, "B", "DIP", "VENTILADOR_PWM", "", "R", 75, 75, 36, 270],
		[199, "STM32F411_31", 1310, 1170, "T", "DIP", "CALEFACTOR", "", "R", 75, 75, 36, 270],
		[200, "STM32F411_31", 1310, 1170, "B", "DIP", "CALEFACTOR", "", "R", 75, 75, 36, 270],
		[201, "STM32F411_32", 1310, 1070, "T", "DIP", "STM32F411_32", "", "R", 75, 75, 36, 270],
		[202, "STM32F411_32", 1310, 1070, "B", "DIP", "STM32F411_32", "", "R", 75, 75, 36, 270],
		[203, "STM32F411_33", 1310, 970, "T", "DIP", "MAGNETICO", "", "R", 75, 75, 36, 270],
		[204, "STM32F411_33", 1310, 970, "B", "DIP", "MAGNETICO", "", "R", 75, 75, 36, 270],
		[205, "STM32F411_34", 1310, 870, "T", "DIP", "EPROM-SCL", "", "R", 75, 75, 36, 270],
		[206, "STM32F411_34", 1310, 870, "B", "DIP", "EPROM-SCL", "", "R", 75, 75, 36, 270],
		[207, "STM32F411_35", 1310, 770, "T", "DIP", "EPROM-SDA", "", "R", 75, 75, 36, 270],
		[208, "STM32F411_35", 1310, 770, "B", "DIP", "EPROM-SDA", "", "R", 75, 75, 36, 270],
		[209, "STM32F411_36", 1310, 670, "T", "DIP", "ENC_BTN", "", "R", 75, 75, 36, 270],
		[210, "STM32F411_36", 1310, 670, "B", "DIP", "ENC_BTN", "", "R", 75, 75, 36, 270],
		[211, "STM32F411_37", 1310, 570, "T", "DIP", "STM32F411_37", "", "R", 75, 75, 36, 270],
		[212, "STM32F411_37", 1310, 570, "B", "DIP", "STM32F411_37", "", "R", 75, 75, 36, 270],
		[213, "STM32F411_38", 1310, 470, "T", "DIP", "+5V", "", "R", 75, 75, 36, 270],
		[214, "STM32F411_38", 1310, 470, "B", "DIP", "+5V", "", "R", 75, 75, 36, 270],
		[215, "STM32F411_39", 1310, 370, "T", "DIP", "GND", "GND", "R", 75, 75, 36, 270],
		[216, "STM32F411_39", 1310, 370, "B", "DIP", "GND", "GND", "R", 75, 75, 36, 270],
		[217, "STM32F411_40", 1310, 270, "T", "DIP", "+3.3V", "", "R", 75, 75, 36, 270],
		[218, "STM32F411_40", 1310, 270, "B", "DIP", "+3.3V", "", "R", 75, 75, 36, 270],
		[219, "U2_1", 755, 3015, "T", "DIP", "GND", "GND", "R", 66.93, 66.93, 43.31, 0],
		[220, "U2_1", 755, 3015, "B", "DIP", "GND", "GND", "R", 66.93, 66.93, 43.31, 0],
		[221, "U2_2", 855, 3015, "T", "DIP", "3.3V", "", "C", 66.93, 66.93, 43.31, 0],
		[222, "U2_2", 855, 3015, "B", "DIP", "3.3V", "", "C", 66.93, 66.93, 43.31, 0],
		[223, "U2_3", 955, 3015, "T", "DIP", "ENC_BTN", "", "C", 66.93, 66.93, 43.31, 0],
		[224, "U2_3", 955, 3015, "B", "DIP", "ENC_BTN", "", "C", 66.93, 66.93, 43.31, 0],
		[225, "U2_4", 1055, 3015, "T", "DIP", "ENC_DT", "", "C", 66.93, 66.93, 43.31, 0],
		[226, "U2_4", 1055, 3015, "B", "DIP", "ENC_DT", "", "C", 66.93, 66.93, 43.31, 0],
		[227, "U2_5", 1155, 3015, "T", "DIP", "ENC_CLK", "", "C", 66.93, 66.93, 43.31, 0],
		[228, "U2_5", 1155, 3015, "B", "DIP", "ENC_CLK", "", "C", 66.93, 66.93, 43.31, 0],
		[229, "U4_1", 3735, 2505, "T", "DIP", "$1N2710", "", "R", 62, 62, 40.16, 270],
		[230, "U4_1", 3735, 2505, "B", "DIP", "$1N2710", "", "R", 62, 62, 40.16, 270],
		[231, "U4_2", 3735, 2405, "T", "DIP", "GND", "GND", "C", 62, 62, 40.16, 270],
		[232, "U4_2", 3735, 2405, "B", "DIP", "GND", "GND", "C", 62, 62, 40.16, 270],
		[233, "U4_3", 3735, 2305, "T", "DIP", "MAGNETICO", "", "C", 62, 62, 40.16, 270],
		[234, "U4_3", 3735, 2305, "B", "DIP", "MAGNETICO", "", "C", 62, 62, 40.16, 270],
		[235, "U7_1", 1475, 3010, "T", "DIP", "GND", "GND", "R", 62, 62, 40.16, 0],
		[236, "U7_1", 1475, 3010, "B", "DIP", "GND", "GND", "R", 62, 62, 40.16, 0],
		[237, "U7_2", 1575, 3010, "T", "DIP", "SERIAL-RX", "", "C", 62, 62, 40.16, 0],
		[238, "U7_2", 1575, 3010, "B", "DIP", "SERIAL-RX", "", "C", 62, 62, 40.16, 0],
		[239, "U7_3", 1675, 3010, "T", "DIP", "SERIAL-TX", "", "C", 62, 62, 40.16, 0],
		[240, "U7_3", 1675, 3010, "B", "DIP", "SERIAL-TX", "", "C", 62, 62, 40.16, 0],
		[241, "Ventilador_1", 3630, 667.95, "T", "DIP", "$1N3633", "", "C", 110.24, 110.24, 70.87, 270],
		[242, "Ventilador_1", 3630, 667.95, "B", "DIP", "$1N3633", "", "C", 110.24, 110.24, 70.87, 270],
		[243, "Ventilador_2", 3630, 512.05, "T", "DIP", "24V", "", "C", 110.24, 110.24, 70.87, 270],
		[244, "Ventilador_2", 3630, 512.05, "B", "DIP", "24V", "", "C", 110.24, 110.24, 70.87, 270]
	]
}
}